{"name":"6e84caf5-ecc8-4942-a92f-a363fcd0371b","id":"/providers/Microsoft.Flow/flows/6e84caf5-ecc8-4942-a92f-a363fcd0371b","type":"Microsoft.Flow/flows","properties":{"apiId":"/providers/Microsoft.PowerApps/apis/shared_logicflows","displayName":"Ticket Management Flow","definition":{"metadata":{"workflowEntityId":null,"processAdvisorMetadata":null,"flowclientsuspensionreason":"None","flowclientsuspensiontime":null,"creator":{"id":"67689c00-0019-40c0-b2e7-cfb3b9f8cb30","type":"User","tenantId":"8c3dad1d-b6bc-4f8b-939b-8263372eced6"},"provisioningMethod":"FromDefinition","failureAlertSubscription":true,"clientLastModifiedTime":"2022-02-15T06:27:34.8909307Z"},"$schema":"https://schema.management.azure.com/providers/Microsoft.Logic/schemas/2016-06-01/workflowdefinition.json#","contentVersion":"1.0.0.0","parameters":{"$connections":{"defaultValue":{},"type":"Object"},"$authentication":{"defaultValue":{},"type":"SecureObject"}},"triggers":{"When_an_item_is_created_or_modified":{"recurrence":{"frequency":"Minute","interval":3},"splitOn":"@triggerOutputs()?['body/value']","metadata":{"operationMetadataId":"29bd58c4-5d94-4430-ac5d-12c3d1f64d27"},"type":"OpenApiConnection","inputs":{"host":{"apiId":"/providers/Microsoft.PowerApps/apis/shared_sharepointonline","connectionName":"shared_sharepointonline","operationId":"GetOnUpdatedItems"},"parameters":{"dataset":"https://nitoronline.sharepoint.com/sites/Demo1","table":"cf7df263-0117-4221-9888-ed085a677a86"},"authentication":"@parameters('$authentication')"}}},"actions":{"Get_item":{"runAfter":{},"metadata":{"operationMetadataId":"ca69f4f0-7ba8-41c9-9ffd-e31784b41785"},"type":"OpenApiConnection","inputs":{"host":{"apiId":"/providers/Microsoft.PowerApps/apis/shared_sharepointonline","connectionName":"shared_sharepointonline","operationId":"GetItem"},"parameters":{"dataset":"https://nitoronline.sharepoint.com/sites/Demo1","table":"cf7df263-0117-4221-9888-ed085a677a86","id":"@triggerOutputs()?['body/ID']"},"authentication":"@parameters('$authentication')"}},"Switch":{"runAfter":{"Get_item":["Succeeded"]},"cases":{"Case":{"case":"New","actions":{"Send_an_email_(V2)":{"runAfter":{},"type":"OpenApiConnection","inputs":{"host":{"apiId":"/providers/Microsoft.PowerApps/apis/shared_office365","connectionName":"shared_office365","operationId":"SendEmailV2"},"parameters":{"emailMessage/To":"@{outputs('Get_item')?['body/EmployeeEmail']};","emailMessage/Subject":"New Ticket is Created","emailMessage/Body":"<p>Hello @{outputs('Get_item')?['body/EmployeeName']},<br>\n <br>\n &nbsp;&nbsp;&nbsp;&nbsp;New Ticket is Created, Please Check it.<br>\n<br>\nThanks &amp; Regards<br>\n@{outputs('Get_item')?['body/Author/DisplayName']}<br>\n@{outputs('Get_item')?['body/Author/Email']}<br>\n</p>"},"authentication":"@parameters('$authentication')"}}}},"Case_2":{"case":"Assigned","actions":{"Send_an_email_(V2)_2":{"runAfter":{},"type":"OpenApiConnection","inputs":{"host":{"apiId":"/providers/Microsoft.PowerApps/apis/shared_office365","connectionName":"shared_office365","operationId":"SendEmailV2"},"parameters":{"emailMessage/To":"@{outputs('Get_item')?['body/AssignedTo/Email']};","emailMessage/Subject":"@{outputs('Get_item')?['body/Title']} Ticket Assigned ","emailMessage/Body":"<p>Hello @{outputs('Get_item')?['body/AssignedTo/DisplayName']},<br>\n <br>\n &nbsp;&nbsp;&nbsp;&nbsp;Ticket is Assigned to you, Please Check it.<br>\n<br>\nThanks &amp; Regards<br>\n@{outputs('Get_item')?['body/Author/DisplayName']}<br>\n@{outputs('Get_item')?['body/Author/Email']}<br>\n</p>","emailMessage/Cc":"@outputs('Get_item')?['body/EmployeeEmail']"},"authentication":"@parameters('$authentication')"}}}},"Case_3":{"case":"Closed","actions":{"Send_an_email_(V2)_3":{"runAfter":{},"type":"OpenApiConnection","inputs":{"host":{"apiId":"/providers/Microsoft.PowerApps/apis/shared_office365","connectionName":"shared_office365","operationId":"SendEmailV2"},"parameters":{"emailMessage/To":"@outputs('Get_item')?['body/AssignedTo/Email']","emailMessage/Subject":"@{outputs('Get_item')?['body/Title']} Ticket Closed","emailMessage/Body":"<p>Hello @{outputs('Get_item')?['body/AssignedTo/DisplayName']},<br>\n <br>\n &nbsp;&nbsp;&nbsp;&nbsp;Ticket is Closed , Please Check it.<br>\n<br>\nThanks &amp; Regards<br>\n@{outputs('Get_item')?['body/Author/DisplayName']}<br>\n@{outputs('Get_item')?['body/Author/Email']}<br>\n</p>"},"authentication":"@parameters('$authentication')"}}}},"Case_4":{"case":"Cancelled","actions":{"Send_an_email_(V2)_4":{"runAfter":{},"type":"OpenApiConnection","inputs":{"host":{"apiId":"/providers/Microsoft.PowerApps/apis/shared_office365","connectionName":"shared_office365","operationId":"SendEmailV2"},"parameters":{"emailMessage/To":"@outputs('Get_item')?['body/AssignedTo/Email']","emailMessage/Subject":"Ticket Cancelled","emailMessage/Body":"<p>Hello @{outputs('Get_item')?['body/AssignedTo/DisplayName']},<br>\n <br>\n &nbsp;&nbsp;&nbsp;&nbsp;Ticket is Cancelled, Please Check it.<br>\n<br>\nThanks &amp; Regards<br>\n@{outputs('Get_item')?['body/Author/DisplayName']}<br>\n@{outputs('Get_item')?['body/Author/Email']}<br>\n</p>"},"authentication":"@parameters('$authentication')"}}}}},"default":{"actions":{}},"expression":"@outputs('Get_item')?['body/TicketStatus/Value']","metadata":{"operationMetadataId":"f4ee983f-4cd6-465c-9183-5be8e9b0cdb5"},"type":"Switch"}}},"connectionReferences":{"shared_sharepointonline":{"connectionName":"19a641b244424268a374cbb7b42a9556","source":"Embedded","id":"/providers/Microsoft.PowerApps/apis/shared_sharepointonline","tier":"NotSpecified"},"shared_office365":{"connectionName":"shared-office365-4ef49136-b266-46f0-9077-116c88f22411","source":"Embedded","id":"/providers/Microsoft.PowerApps/apis/shared_office365","tier":"NotSpecified"}},"flowFailureAlertSubscribed":false}}