{"schemaVersion":"1.0","appDefinitionTemplate":{"id":"/providers/Microsoft.PowerApps/apps/","type":"Microsoft.PowerApps/apps","tags":{"primaryDeviceWidth":"1366","primaryDeviceHeight":"768","sienaVersion":"20220215T070449Z-3.22021.20.0","deviceCapabilities":"","supportsPortrait":"true","supportsLandscape":"true","primaryFormFactor":"Tablet","publisherVersion":"3.22021.20","minimumRequiredApiVersion":"2.2.0","hasComponent":"false","hasUnlockedComponent":"false","isUnifiedRootApp":"false"},"properties":{"appVersion":"2022-02-15T07:04:49Z","lifeCycleId":"Published","createdByClientVersion":{"major":3,"minor":22021,"build":20,"revision":0,"majorRevision":0,"minorRevision":0},"minClientVersion":{"major":3,"minor":22021,"build":20,"revision":0,"majorRevision":0,"minorRevision":0},"backgroundColor":"RGBA(0,176,240,1)","backgroundImageUri":"/6742008446140870316/Nfc45ad93-bfa6-4056-92eb-0acc7b4e3e15-logoSmallFile","displayName":"Ticket Management Tool","description":"","commitMessage":"","appUris":{"documentUri":{"value":"/6742008446140870316/Na39fa4f9-f270-4711-9613-b4e0f5a6da5e-document.msapp"},"imageUris":[]},"createdTime":"0001-01-01T00:00:00Z","lastModifiedTime":"0001-01-01T00:00:00Z","sharedGroupsCount":0,"sharedUsersCount":0,"icons":{"smallIconUri":"/6742008446140870316/N234e8f8a-8226-437c-81ce-3bd20bad9d39-small.png","mediumIconUri":"/6742008446140870316/Nb0344d56-6826-4da1-b341-bda18def06c6-medium.png","largeIconUri":"/6742008446140870316/N59bf4f42-78b4-4cde-afc6-f13ccc6b1c4d-large.png","wideIconUri":"/6742008446140870316/N02524bf2-84b1-4b7a-b359-8e2a8d4944ad-wide.png"},"connectionReferences":{"8f212627-5e7a-4d91-a839-0e8dddea9f4b":{"id":"10efb486-33c0-42ea-8494-a01c5126b360","displayName":"SharePoint","iconUri":"https://connectoricons-prod.azureedge.net/releases/v1.0.1550/1.0.1550.2686/sharepointonline/icon.png","dataSources":["Test","Admin"],"dependencies":[],"dependents":[],"parameterHints":{},"parameterHintsV2":{},"isOnPremiseConnection":false,"bypassConsent":false,"dataSets":{"https://nitoronline.sharepoint.com/sites/Demo1":{"dataSources":{"Test":{"tableName":"cf7df263-0117-4221-9888-ed085a677a86"}}},"https://nitoronline.sharepoint.com/sites/Teams":{"dataSources":{"Admin":{"tableName":"1f3ecf3b-e677-4838-a6e1-0c95a5c223d7"}}}},"apiTier":"Standard","isCustomApiConnection":false,"actions":["providers/PowerPlatform.Governance/Operations/Read"]}},"databaseReferences":{},"almMode":"Environment","performanceOptimizationEnabled":true,"canConsumeAppPass":true,"executionRestrictions":{"isTeamsOnly":false,"dataLossPreventionEvaluationResult":{"status":"Compliant","lastEvaluationDate":"2022-02-08T07:07:42.3608209Z","violations":[],"violationsByPolicy":[],"violationErrorMessage":"The app uses the following connectors: ."}}},"appType":"ClassicCanvasApp","appComponents":[]}}